{"cameraMode":{"drawMode":0,"name":"Shaded","section":"Shading Mode"},"sceneLighting":true,"audioPlay":false,"sceneViewState":{"m_AlwaysRefresh":false,"showFog":true,"showSkybox":true,"showFlares":true,"showImageEffects":true,"showParticleSystems":true,"showVisualEffectGraphs":true,"m_FxEnabled":true},"in2DMode":false,"pivot":{"x":11.811564445495606,"y":-1.5570764541625977,"z":-18.913785934448243},"rotation":{"x":0.38221603631973269,"y":-0.42208585143089297,"z":0.2025001347064972,"w":0.7967214584350586},"size":11.201619148254395,"orthographic":false}